date,judgment,VIX指数_value,VIX指数_change,VIX指数_change_percent,日経平均_value,日経平均_change,日経平均_change_percent,ドル円_value,ドル円_change,ドル円_change_percent,米10年債_value,米10年債_change,米10年債_change_percent,S&P500_value,S&P500_change,S&P500_change_percent,WTI原油_value,WTI原油_change,WTI原油_change_percent,金（GOLD）_value,金（GOLD）_change,金（GOLD）_change_percent,HYG（ハイイールド債ETF）_value,HYG（ハイイールド債ETF）_change,HYG（ハイイールド債ETF）_change_percent,LQD（投資適格債ETF）_value,LQD（投資適格債ETF）_change,LQD（投資適格債ETF）_change_percent,NYSE Composite_value,NYSE Composite_change_percent,NYSE Composite_volume_ratio,S&P500グロース(IVW)_value,S&P500グロース(IVW)_change_percent,S&P500バリュー(IVE)_value,S&P500バリュー(IVE)_change_percent,Russell2000小型(RUT)_value,Russell2000小型(RUT)_change_percent,グロース対バリュー比_diff_percent,大型対小型比_diff_percent,HYG対LQD比_value,HYG対LQD比_change,sentiment_score,sentiment_label,summary
2026-04-04T14:25:10+09:00,曇り,23.87,-0.67,-2.73,53123.49,660.22,1.26,159.63,0.94,0.59,4.31,-0.01,-0.14,6582.69,7.37,0.11,111.54,11.42,11.41,4651.5,-131.7,-2.75,79.56,0.19,0.24,109.12,0.46,0.42,22193.86,0.06,0.84,114.66,0.04,211.86,0.17,2530.04,0.7,-0.13,-0.59,0.7291,-0.001338,46.5,CAUTION,"1. 市場フェーズ判定  
● VIX指数: 23.87 [-0.67 (-2.73%)] 前日比出来高比:1.00 04/02 確定  
判定:曇り。その根拠として、VIX指数が前日比で低下したものの23.87と依然として高い水準を維持しており、S&P500の前日比出来高比が0.84と減少しているため、市場の不安定さが残る。一方、価格下落が確認されない中で出来高の増加が見られず、嵐の予兆には至っていないため、全体として曇りのフェーズと判断する。  

2. 金利・債券（米10年債）  
● 米10年債: 4.31 [-0.01 (-0.14%)] 前日比出来高比:1.00 04/02 確定  
米10年債利回りが前日比で低下し、4.31%と低めな水準を示すことで、リスクオンの兆候が見られ、短期的に債券需要が増加する可能性がある。  

3. 恐怖指数・心理（VIX）  
● VIX指数: 23.87 [-0.67 (-2.73%)] 前日比出来高比:1.00 04/02 確定  
VIX指数が前日比で低下したものの23.87と高い値を示すため、投資家心理は依然として警戒を強めており、潜在的なボラティリティ上昇のリスクを内包する。  

4. 通貨の勢い（ドル円）  
● ドル円: 159.63 [+0.94 (+0.59%)] 前日比出来高比:1.00 04/03 確定  
ドル円が前日比で上昇し159.63に達したことで、ドルの強気トレンドが継続しており、米経済の強さを反映してリスクオン環境を支える可能性が高い。  

5. 指数・需給（日経平均、S&P500、NYSE騰落統計）  
● S&P500: 6582.69 [+7.37 (+0.11%)] 前日比出来高比:0.84 04/02 確定  
日経平均が前日比で+1.26%と上昇しS&P500が+0.11%と小幅上昇した一方、S&P500の前日比出来高比が0.84と1.1を下回っているため価格上昇が伴わない需給の弱さを示すが、ディストリビューションの疑いは確認されない。また、NYSE騰落統計ではNYSE Compositeが+0.06%とS&P500と概ね連動しており、逆行が見られないため市場内部の脆弱性は指摘されない。安値圏からの反発局面で反発4日目以降に大幅上昇と出来高増加がなければ、フォロースルーデイのシグナルは発動せず、需給の安定が続く。  

6. スタイル・規模間相対パフォーマンス  
● S&P500グロース(IVW): 114.66 [+0.05 (+0.04%)] 前日比出来高比:0.86 04/02 確定  
グロース対バリュー比（日次）は-0.13%ptでバリュー優勢を示し、ディフェンシブな投資行動を反映する。これは日次変化に基づく分析である。大型対小型比（日次、S&P500対RUT）は-0.59%ptで小型優勢を示し、質への逃避は確認されないため、リスク選好が優勢と見られる。これを踏まえ、指数コメントではS&P500の小幅上昇と小型株の強さが連動し、市場の立体的な需給構造としてリスク選好が支える一方、バリュー優勢が不安定さを加えるため、短期的なボラティリティ増加を招く可能性がある。  

7. コモディティ（原油、金）  
● WTI原油: 111.54 [+11.42 (+11.41%)] 前日比出来高比:1.00 04/02 確定  
原油が前日比で上昇し111.54を示すため、これはイランのホルムズ海峡封鎖の長期化による地政学リスクの悪化で供給懸念が強まった結果と判断され、需要減退懸念ではない。一方、金が-2.75%と下落した金対原油比の方向から、インフレヘッジ需要が弱く、リスク回避の強さは原油の上昇に相殺される形で低下している。  

8. クレジット・金融コンディション  
● HYG対LQD比: 0.7291 [-0.001338] 前日比出来高比:0.77 04/02 確定  
株（S&P500の方向）は+0.11%の上昇によりリスクオン。  
債券（米10年債利回りの方向）は-0.14%の低下によりリスクオン。  
クレジット（HYG対LQD比の方向）は-0.001338のスプレッド拡大によりリスクオフ。  
これらを総合すると、株と債券のリスクオン要素がクレジットのリスクオフを上回るが、週次レベルのHYG対LQD比の拡大が有意なため、全体としてクレジット市場の警戒が市場全体の安定を阻害する可能性が高い。  

9. 短期警戒ポイント  
米労働市場の雇用統計（予想値: +20万件 前回値: +27万件 市場への影響シナリオ: 予想を上回ればリスクオン加速、下回ればVIX上昇で曇りから嵐へ移行）。イランのホルムズ海峡封鎖関連の米軍動向（予想値: 不明 前回値: 甚大な被害報告 市場への影響シナリオ: 悪化すれば原油価格急騰でS&P500下落）。現在の市場フェーズ（曇り）で最も注視すべきは米10年債利回りの変動で、4.31%を下回る低下が続けばリスクオン継続のシグナルとなるが、上昇すればVIXの再上昇を招く根拠がある。  

10. 総評・相関分析  
● 日経平均: 53123.49 [+660.22 (+1.26%)] 前日比出来高比:0.64 04/03 確定  
需給面から、S&P500の小幅上昇と小型株優勢の大型対小型比が連動しつつ、VIXの低下が示す安定性に対し、HYG対LQD比のスプレッド拡大がクレジットリスクを強調するため、市場はリスクオンのシグナルを示すが、出来高比0.84以下の閾値で需給の弱体化が確認された場合にボラティリティ急増の具体的なシグナルが発生する。市場曇り波立つ株価騒ぐ。"
2026-04-04T20:15:44+09:00,曇り,23.87,-0.67,-2.73,53123.49,660.22,1.26,159.63,0.94,0.59,4.31,-0.01,-0.14,6582.69,7.37,0.11,111.54,11.42,11.41,4651.5,-131.7,-2.75,79.56,0.19,0.24,109.12,0.46,0.42,22193.86,0.06,0.84,114.66,0.04,211.86,0.17,2530.04,0.7,-0.13,-0.59,0.7291,-0.001338,46.5,CAUTION,"1. 判定: 曇り。● VIX指数: 23.87 [-0.67 (-2.73%)] 前日比出来高比:0.84 04/02 確定。VIX指数が低下し心理的な安定を示す一方、前日比出来高比が0.84と減少しており、ボラティリティが低い状態が続くため、市場は曇りのフェーズと判断されるが、潜在的なリスク要因を監視する必要がある。

2. ● 米10年債: 4.31 [-0.01 (-0.14%)] 前日比出来高比:0.84 04/02 確定。米10年債利回りが低下し、債券需要が増す兆候を示しており、リスク回避の動きが強まっているため、短期的に金利は4.30%を下回る可能性が高い。

3. ● VIX指数: 23.87 [-0.67 (-2.73%)] 前日比出来高比:0.84 04/02 確定。VIXが低下し、投資家心理が改善しているが、23.87という水準は依然として不安定さを示唆しており、20を下回るまで心理の安定は確認されない。

4. ● ドル円: 159.63 [+0.94 (+0.59%)] 前日比出来高比:0.84 04/03 確定。ドル円が上昇し、円安傾向が継続しているため、160.00を超えると米ドル強気の加速が予想され、輸出関連株の支援要因となる。

5. ● 日経平均: 53123.49 [+660.22 (+1.26%) | 前日比出来高比:0.64] 04/03 確定。日経平均の上昇と出来高比0.64の減少からディストリビューションの兆候は見られず、S&P500の+0.11%上昇と出来高比0.84も安定を示すが、NYSE騰落統計のNYA対S&P500比が-0.05%ptと逆行しており、市場内部の脆弱性が指摘され、フォロースルーデイの条件を満たさないため、反発が持続しないリスクがある。

6. ● S&P500グロース対バリュー比（日次）: -0.13%pt → バリュー優勢（ディフェンシブ）。● S&P500対RUT大型対小型比（日次）: -0.59%pt → 小型優勢（リスク選好）。日次変化に基づく分析から、バリュー優勢が指数の上昇を支えつつ小型優勢がリスク選好を示すため、市場の需給構造はディフェンシブとリスク選好の共存で、S&P500の安定が小型株のボラティリティを増幅させる可能性が高い。

7. ● WTI原油: 111.54 [+11.42 (+11.41%) | 前日比出来高比:1.00] 04/02 確定。● 金: 4651.50 [-131.70 (-2.75%) | 前日比出来高比:1.00] 04/02 確定。金対原油比が低下し、インフレヘッジ需要が弱くリスク回避が後退しているが、原油の上昇は需要減退懸念ではなく地政学リスクの緩和（イラン戦争の圧力高まりによる供給不安）によるもので、原油価格が115を超えるとインフレ圧力が再燃する。

8. ● HYG対LQD比: 0.7291 [-0.001338] 前日比出来高比:0.77 04/02 確定。株（S&P500の方向）→ 上昇のためリスクオン。債券（米10年債利回りの方向）→ 低下のためリスクオン。クレジット（HYG対LQD比の方向）→ 低下のためリスクオフ。総合判定として、S&P500と米10年債のリスクオンがHYG対LQD比のリスクオフを上回るが、週次でスプレッド拡大が継続すればクレジット市場の緊縮が全体を圧迫する。

9. 野村證券がFRBの利下げ時期を後ずれと予想する理由、予想値:利下げ時期9月、前回値:6月、市場への影響シナリオ:後ずれでS&P500が1%下落のトリガー。IMFがイラン戦争と円安がインフレリスクを高める中、日銀の段階的利上げを支持、予想値:利上げ0.25%、前回値:0%、市場への影響シナリオ:利上げでドル円が162に急騰し日経平均を押し上げる。ウクライナ無人機が商業船舶とロシア南部の化学施設を攻撃、予想値:攻撃回数増加、前回値:1回、市場への影響シナリオ:攻撃拡大でWTI原油が120に上昇しVIXを25以上に押し上げる。市場フェーズの曇りを考慮し、FRB議長の発言を注視すべきで、根拠は米10年債利回りの4.30%以下での発言がリスクオフを誘発する可能性。

10. ● S&P500対RUT比（日次）: -0.59%pt 前日比出来高比:0.84 04/02 確定。需給面からS&P500の安定と小型株優勢が示すリスク選好がVIX低下と連動し、市場の立体的な構造はバリュー優勢のディフェンシブ基調を基盤にHYG対LQD比のスプレッド拡大が逆風となるため、S&P500が6500を下回ればディストリビューションのシグナルが発生する。市場の風曇り空静けさあり"
2026-04-05T08:31:14+09:00,曇り,23.87,-0.67,-2.73,53123.49,660.22,1.26,159.63,0.94,0.59,4.31,-0.01,-0.14,6582.69,7.37,0.11,111.54,11.42,11.41,4651.5,-131.7,-2.75,79.56,0.19,0.24,109.12,0.46,0.42,22193.86,0.06,0.84,114.66,0.04,211.86,0.17,2530.04,0.7,-0.13,-0.59,0.7291,-0.001338,46.5,CAUTION,"1. 市場フェーズ判定  
● VIX指数: 23.87 [-0.67 (-2.73%)] 前日比出来高比:1.00 04/02 確定  
判定：曇り。その根拠として、VIXが23.87と前日比で低下し心理的安定を示すが、前日比出来高比がS&P500で0.84と減少し日経平均で0.64と減少しているため、市場の活発さが不足しており、潜在的な不安定要因が存在する。価格下落＋出来高増の条件は見られず、嵐の予兆は確認されないが、原油価格の上昇から派生するリスク要因を考慮して曇りと判定する。  

2. 金利・債券（米10年債）  
● 米10年債: 4.31 [-0.01 (-0.14%)] 前日比出来高比:1.00 04/02 確定  
米10年債利回りが4.31と前日比で低下し、債券価格の上昇を示すが、これは短期的な資金需要の増加を反映しており、リスクオフの兆候としてS&P500の小幅上昇と対比して債券への逃避を強める可能性がある。  

3. 恐怖指数・心理（VIX）  
● VIX指数: 23.87 [-0.67 (-2.73%)] 前日比出来高比:1.00 04/02 確定  
VIXが23.87と低下し、市場心理の安定化を表すが、依然として20台前半の水準が続くため、潜在的なボラティリティの残存を示唆し、原油価格急騰の影響で心理的警戒が再燃するリスクを伴う。  

4. 通貨の勢い（ドル円）  
● ドル円: 159.63 [+0.94 (+0.59%)] 前日比出来高比:1.00 04/03 確定  
ドル円が159.63と上昇し、米ドル強勢を反映するが、これは米10年債利回りの低下と矛盾し、ホルムズ海峡の石油供給不安によるリスク回避需要がドル買いを後押ししているため、短期的な円安トレンドが継続する可能性が高い。  

5. 指数・需給（日経平均、S&P500、NYSE騰落統計）  
● 日経平均: 53123.49 [+660.22 (+1.26%)] 前日比出来高比:0.64 04/03 確定  
日経平均の上昇と前日比出来高比0.64の減少から、需給の弱さを示すが、出来高比1.1以上かつ価格下落の条件は満たさないためディストリビューションの疑いはない。S&P500は6582.69と小幅上昇し前日比出来高比0.84で減少し、NYSE騰落統計のNYSE Compositeが22193.86とS&P500と連動する乖離-0.05%ptのため、市場内部の脆弱性は指摘されないが、安値圏からの反発4日目以降に該当しないためフォロースルーデイは確認されない。  

6. スタイル・規模間相対パフォーマンス（グロース対バリュー比、大型対小型比）  
● S&P500グロース(IVW): 114.66 [+0.05 (+0.04%)] 前日比出来高比:0.86 04/02 確定  
グロース対バリュー比（日次変化に基づく）：-0.13%ptでバリュー優勢を示し、ディフェンシブな姿勢を反映する。  
● Russell2000小型(RUT): 2530.04 [+17.67 (+0.70%)] 前日比出来高比:0.84 04/02 確定  
大型対小型比（日次変化に基づく、S&P500対RUT）：-0.59%ptで小型優勢を示し、質への逃避は確認されない。これを踏まえ、指数コメントではS&P500の小幅上昇と日経平均の強さにもかかわらず、バリューと小型株の相対パフォーマンスから、市場の立体的な需給構造はリスク選好の広がりを示すが、原油ショックの影響でディフェンシブシフトの潜在リスクが存在し、需給のバランスが崩れやすい構造である。  

7. コモディティ（原油、金）  
● WTI原油: 111.54 [+11.42 (+11.41%)] 前日比出来高比:1.00 04/02 確定  
原油が上昇し、ホルムズ海峡の流量急減による供給懸念が主因で、需要減退懸念ではなく地政学リスクの激化を示すが、金対原油比が金4651.50の低下から低下しており、インフレヘッジ需要が弱くリスク回避が強まっている。  
● 金（GOLD）: 4651.50 [-131.70 (-2.75%)] 前日比出来高比:1.00 04/02 確定  
金価格の下落は、インフレヘッジの後退を意味し、原油の上昇がリスク回避を優先させるが、全体としてリスク回避の強さが原油主導である。  

8. クレジット・金融コンディション（HYG、LQD、HYG対LQD比）  
● HYG（ハイイールド債ETF）: 79.56 [+0.19 (+0.24%)] 前日比出来高比:0.77 04/02 確定  
株（S&P500の方向）：小幅上昇のためリスクオン。  
● LQD（投資適格債ETF）: 109.12 [+0.46 (+0.42%)] 前日比出来高比:0.73 04/02 確定  
債券（米10年債利回りの方向）：低下のためリスクオフ。  
● HYG対LQD比（クレジット代理）: 0.7291 [-0.001338] 04/02 確定  
クレジット（HYG対LQD比の方向）：スプレッド拡大のためリスクオフ。  
これらの三点から、株はリスクオンを示すが債券とクレジットはリスクオフが優勢で、週次レベルのHYG対LQD比の拡大を考慮すると、総合判定はリスクオフ寄りの市場環境が継続する。  

9. 短期警戒ポイント  
ホルムズ海峡の石油供給不安による原油価格変動（予想値:供給量10%減、前回値:安定、市場への影響シナリオ:原油急騰でS&P500下落）。イラン戦争のエネルギーショックリスク（予想値:米イラン緊張高まり、前回値:低位、市場への影響シナリオ:金価格上昇とVIX急騰）。米GDP発表（予想値:前期比2.5%増、前回値:2.0%増、市場への影響シナリオ:予想超えでドル円上昇）。市場フェーズが曇りであるため、米消費者物価指数（予想値:前月比0.3%増、前回値:0.4%増、市場への影響シナリオ:インフレ持続で米10年債利回り上昇）への注視が重要で、VIXの安定性を根拠にボラティリティ再燃のシグナルとして警戒する。  

10. 総評・相関分析（需給面からの踏み込んだ考察）  
● S&P500: 6582.69 [+7.37 (+0.11%)] 前日比出来高比:0.84 04/02 確定  
需給面から、S&P500の小幅上昇と前日比出来高比0.84の減少はディストリビューションの兆しを示すが、グロース対バリュー比のバリュー優勢と大型対小型比の小型優勢から、リスク選好が散在しつつ原油価格の供給懸念が需給構造を歪める。HYG対LQD比の拡大はクレジットリスクの増大を意味し、VIXの低下と米10年債利回りの低下の相関から、短期シグナルとしてS&P500が6580以下で下落すれば需給崩壊の閾値に達し、フォロースルーデイの条件を満たすまで小型株の優勢を維持する。市場の相関分析では、金対原油比の低下がインフレヘッジの弱体化を示し、ドル円の159.60超えでリスク回避が加速する具体的なシグナルを導く。株価波乱の波。市場静けし油価騒ぐ五月雨。"
2026-04-06T08:31:50+09:00,曇り,23.87,-0.67,-2.73,53123.49,660.22,1.26,159.8,0.31,0.19,4.31,-0.01,-0.14,6582.69,7.37,0.11,113.79,2.25,2.02,4651.3,-0.2,-0.0,79.56,0.19,0.24,109.12,0.46,0.42,22193.86,0.06,0.84,114.66,0.04,211.86,0.17,2530.04,0.7,-0.13,-0.59,0.7291,-0.001338,46.5,CAUTION,"1. 判定：曇り。根拠として、VIX指数: 23.87 [-0.67 (-2.73%)] (04/02 確定)が低下傾向を示すものの依然として高い水準を維持しており、前日比出来高比がS&P500で0.84と増加せず価格が上昇したため、嵐の予兆は見られないが不安定さを反映する。日経平均の前日比出来高比:0.64が低下しつつ価格上昇した点も、全体的な市場の曇り空を支える要因だ。

2. 米10年債利回り: 4.31 [-0.01 (-0.14%)] (04/02 確定)は低下しており、金利低下が債券市場の安定を促す可能性を示すが、インフレ懸念の再燃で上値が抑えられるリスクがあるため、短期的な利回り安定を予想する。

3. VIX指数: 23.87 [-0.67 (-2.73%)] (04/02 確定)は低下し、市場心理の改善を反映するが、依然として20台前半の水準が続くため、潜在的なボラティリティ増加の警戒を要し、心理面での安定化シグナルとして+20以下への低下を待つ。

4. ドル円: 159.80 [+0.31 (+0.19%)] (04/06 確定)は上昇基調を維持し、通貨勢いが強まる兆候を示すが、イラン情勢の不透明感が介入リスクを高めるため、160円超えで急変動の可能性を考慮し、159.50を下回るまで強気継続のシグナルとする。

5. 日経平均: 53123.49 [+660.22 (+1.26%) | 前日比出来高比:0.64] (04/03 確定)は上昇しつつ出来高減少を示すが、S&P500: 6582.69 [+7.37 (+0.11%) | 前日比出来高比:0.84] (04/02 確定)も同様に価格上昇ながら出来高比が1.1未満のためディストリビューションの疑いはない。NYSE Composite: 22193.86 [+0.06% | 前日比出来高比:0.84] (04/02 確定)とNYA対S&P500乖離が-0.05%ptで連動しているため、市場内部の脆弱性は指摘されず、フォロースルーデイの条件を満たさない現状で指数反発の持続を監視する。

6. グロース対バリュー比（日次）: -0.13%ptでバリュー優勢を示し、ディフェンシブ指向を強める兆候と解釈する。大型対小型比（日次、S&P500対RUT）: -0.59%ptで小型優勢であり、質への逃避は見られずリスク選好を反映する。これを踏まえ、指数コメントではS&P500の上昇が小型株の強さを伴う中、バリュー優勢が需給構造のディフェンシブシフトを示唆し、市場全体の不安定さを立体的に浮き彫りにする日次変化に基づく分析から、リスク選好の限界を指摘する。

7. WTI原油: 113.79 [+2.25 (+2.02%) | 前日比出来高比:0.04] (04/05 確定)は上昇し、地政学リスクの緩和ではなくイラン情勢の緊張による供給不安が主因と判断される。金（GOLD）: 4651.30 [-0.20 (-0.00%) | 前日比出来高比:5.74] (04/05 確定)は横ばいだが、金対原油比で原油の上昇が金を上回るため、インフレヘッジ需要が弱くリスク回避が強まっていることを読み解く。

8. S&P500: 6582.69 [+7.37 (+0.11%)] (04/02 確定)の方向はリスクオンを示す。米10年債利回り: 4.31 [-0.01 (-0.14%)] (04/02 確定)の方向は低下によりリスクオンを示す。HYG対LQD比: 0.7291 [-0.001338] (04/02 確定)の方向はスプレッド拡大によりリスクオフを示す。これらを総合すると、株と債券のリスクオンに対しクレジットのリスクオフが矛盾を生み、週次でHYGの0.77出来高比が低い点も有意なため、全体としてリスクオフ優勢のシグナルを確定する。

9. 米雇用統計（4/05公表、予想値: 20.5万件 前回値: 27.5万件、市場への影響シナリオ: 予想を下回れば市場心理悪化でS&P500下落の引き金に）。FOMC議事録公表（4/10、予想値: ハト派寄り 前回値: 据え置き、市場への影響シナリオ: 利下げ示唆でVIX低下の可能性）。イラン核合意関連発言（4/08、具体的な発言者: イラン大統領、予想値: 対話継続 前回値: 緊張高まり、市場への影響シナリオ: 緩和なら原油下落でドル円強気、悪化ならVIX急騰）。これらがない場合、現在の曇りフェーズでVIXの23.87が25超えを根拠にボラティリティ指標を注視し、潜在的下落リスクを警戒する。

10. 総評・相関分析では、需給面からS&P500の+0.11%上昇と小型優勢の-0.59%ptがリスク選好を示すが、HYG対LQD比のスプレッド拡大がクレジット不安を露呈し、VIXの23.87低下が心理安定のシグナルとして+20未満到達を閾値に設定する。金対原油比の原油優勢がインフレヘッジ弱さを強調し、全体の需給構造で日経平均の出来高比0.64が売買薄を意味するため、S&P500が0.84出来高比で反落した場合のディストリビューション発生を具体的なシグナルとする。市場の俳句：春風吹く株価曇り、VIX静かに潜む嵐の気配。"
2026-04-07T08:34:05+09:00,曇り,24.17,0.3,1.26,53123.49,660.22,1.26,159.7,-0.08,-0.05,4.34,0.02,0.51,6611.83,29.14,0.44,113.33,1.79,1.6,4680.1,28.6,0.61,79.7,0.14,0.18,108.95,-0.17,-0.16,22254.72,0.27,0.0,115.15,0.43,212.74,0.42,2540.64,0.42,0.01,0.02,0.7315,0.002423,56.3,NEUTRAL,"1. 市場フェーズ判定  
● VIX指数: 24.17 [+0.30 (+1.26%) | 前日比出来高比:0.00 (04/06 確定)]  
判定：曇り。根拠としてVIXが上昇し不安心理を示すが、前日比出来高比が全体的に0.49（S&P500）や0.64（日経平均）と減少しており、価格上昇を伴うため嵐の予兆は見られないが、潜在的な不安要因が残る。  

2. 金利・債券（米10年債）  
● 米10年債: 4.34 [+0.02 (+0.51%) | 前日比出来高比:0.00 (04/06 確定)]  
米10年債利回りが上昇し、4.34%に達したことで、インフレ期待や経済成長見通しを反映しており、短期的に金利上昇圧力が強まっている。  

3. 恐怖指数・心理（VIX）  
● VIX指数: 24.17 [+0.30 (+1.26%) | 前日比出来高比:0.00 (04/06 確定)]  
VIXの上昇は市場の不安心理を示すが、24.17レベルで過度なパニックには至っておらず、ボラティリティの潜在リスクを警戒する水準にある。  

4. 通貨の勢い（ドル円）  
● ドル円: 159.70 [-0.08 (-0.05%) | 前日比出来高比:0.00 (04/07 確定)]  
ドル円が159.70で微減し、米ドル強勢が一服しているが、中東情勢（イランと米国の停戦交渉進展見込み）により、ドル底堅さが維持される可能性が高い。  

5. 指数・需給（日経平均、S&P500、NYSE騰落統計）  
● 日経平均: 53123.49 [+660.22 (+1.26%) | 前日比出来高比:0.64 (04/03 確定)]  
日経平均の上昇と前日比出来高比0.64の減少は需給の安定を示すが、出来高比が1.1未満のためディストリビューションの疑いはない。一方、S&P500: 6611.83 [+29.14 (+0.44%) | 前日比出来高比:0.49 (04/06 確定)]では価格上昇と出来高減少が確認され、安値圏からの反発4日目以降ではないためフォロースルーデイは発生せず。NYSE騰落統計（NYSE Composite: 22254.72 [+0.27%] | 前日比出来高比:0.00 (04/06 確定)）では、騰落比率がS&P500と概ね連動（NYA対S&P500乖離: -0.17%pt）しており、市場内部の脆弱性は指摘されない。  

6. スタイル・規模間相対パフォーマンス  
● S&P500グロース(IVW): 115.15 [+0.49 (+0.43%) | 前日比出来高比:0.56 (04/06 確定)]  
グロース対バリュー比（日次）: +0.01%pt → グロース優勢を示し、リスクオン環境を反映する。  
● S&P500バリュー(IVE): 212.74 [+0.88 (+0.42%) | 前日比出来高比:1.00 (04/06 確定)]  
大型対小型比（日次、S&P500対RUT）: +0.02%pt → 大型優勢であり、質への逃避が進行中。  
これを踏まえ指数コメントと接続し、市場の立体的な需給構造を考察すると、グロース優勢と大型優勢がS&P500の上昇を支える需給を示すが、日次変化に基づくため短期的なリスクオンの中で、質への逃避が指数のボラティリティを抑制する要因となっている。  

7. コモディティ（原油、金）  
● WTI原油: 113.33 [+1.79 (+1.60%) | 前日比出来高比:0.01 (04/06 確定)]  
● 金（GOLD）: 4680.10 [+28.60 (+0.61%) | 前日比出来高比:0.87 (04/06 確定)]  
金対原油比の方向は金上昇が原油上昇を上回る形で、金のインフレヘッジ需要が強まっている一方、リスク回避は中程度。原油下落時は該当せず、今回は需要減退懸念ではなくイランと米国の停戦交渉進展による地政学リスクの緩和を示唆する。  

8. クレジット・金融コンディション  
● HYG（ハイイールド債ETF）: 79.70 [+0.14 (+0.18%) | 前日比出来高比:0.69 (04/06 確定)]  
株（S&P500の方向）: 上昇 → リスクオン。  
債券（米10年債利回りの方向）: 上昇 → リスクオフ。  
クレジット（HYG対LQD比の方向）: HYG対LQD比が0.7315 [+0.002423]でHY優勢 → リスクオン。  
総合判定として、株とクレジットのリスクオンに対し債券のリスクオフが対立し、週次ではHYG対LQD比の上昇が有意で全体的にリスクオン寄り。  

9. 短期警戒ポイント  
米国の4月消費者物価指数（CPI）発表（予想値: +3.4%、前回値: +3.5%、市場への影響シナリオ: CPIが予想を上回れば米連邦準備制度理事会（FRB）の利上げ再開を誘発し株価下落）。イランとイスラエルの停戦交渉合意（予想値: 不明、前回値: 進展中、市場への影響シナリオ: 合意で原油価格安定化しリスク資産にポジティブ、失敗でVIX急騰）。市場フェーズが曇りであるため、FRBのハマック氏の発言（予想値: インフレ懸念強調、前回値: 雇用よりインフレ優先、市場への影響シナリオ: 発言がタカ派的で米10年債利回り上昇）。  

10. 総評・相関分析  
● S&P500: 6611.83 [+29.14 (+0.44%) | 前日比出来高比:0.49 (04/06 確定)]  
需給面からの踏み込んだ考察では、グロース対バリュー比の+0.01%ptと大型対小型比の+0.02%ptが示すリスクオン需給がS&P500の上昇を駆動する一方、VIXの24.17で示される不安心理が出来高比0.49の低さを補完し、短期シグナルとして出来高比が1.1以上に達すればディストリビューション発生の閾値を超えるため、需給構造の転換を示す。市場株価が6611.83を下回れば嵐フェーズのトリガーとなる。株価五月雨に雨の気配。"
2026-04-08T08:36:12+09:00,曇り,25.78,1.61,6.66,53413.68,290.19,0.55,158.74,-0.94,-0.59,4.34,0.01,0.18,6616.85,5.02,0.08,91.67,-20.74,-18.45,4842.0,185.2,3.98,79.72,0.02,0.03,109.07,0.12,0.11,22249.62,-0.02,0.0,115.73,0.5,212.06,-0.32,2544.95,0.17,0.82,-0.09,0.7309,-0.000621,49.6,CAUTION,"1. 市場フェーズ判定  
● VIX指数: 25.78 [+1.61 (+6.66%)] (04/07 確定)  
判定：曇り。その根拠として、VIXが前日比で6.66%増加し不安定さを示す一方、S&P500の前日比出来高比が0.70と減少しており、価格下落と出来高増加の組み合わせが見られないため嵐の予兆とは判断されないが、全体的なボラティリティ上昇が市場の曇りを示唆する。

2. 金利・債券（米10年債）  
● 米10年債: 4.34 [+0.01 (+0.18%)] (04/07 確定)  
米10年債利回りが0.18%上昇し、インフレ期待やリスクオンの兆候を反映しており、短期的に金利上昇が株式市場の重石となる可能性があるため、S&P500の微増局面で利回り水準が4.34%を超えると需給圧力が強まる。

3. 恐怖指数・心理（VIX）  
● VIX指数: 25.78 [+1.61 (+6.66%)] (04/07 確定)  
VIXが6.66%上昇し、投資家心理の悪化を示しており、25ポイント台での推移が市場の不安定さを強調するので、VIXが30ポイントを超えるとパニック売りの閾値に到達する。

4. 通貨の勢い（ドル円）  
● ドル円: 158.74 [-0.94 (-0.59%)] (04/08 確定)  
ドル円が0.59%下落し、米ドル弱含みの状態が続いており、原油価格急落による需要減退懸念がドル安を後押しするので、158円を下回ると円高トレンドが加速し輸出株に影響を与える。

5. 指数・需給（日経平均、S&P500、NYSE騰落統計）  
● S&P500: 6616.85 [+5.02 (+0.08%) | 前日比出来高比:0.70] (04/07 確定)  
日経平均が0.55%上昇しS&P500が0.08%上昇したものの、S&P500の前日比出来高比が0.70と低調で価格上昇が伴わないためディストリビューションの疑いがある一方、NYSE騰落統計のNYSE Compositeが-0.02%とS&P500と逆行しているため市場内部の脆弱性を指摘し、反発局面で反発4日目以降に出来高増加と+1.7%以上の大幅上昇が見られればフォロースルーデイとして買い転換シグナルが発生する。

6. スタイル・規模間相対パフォーマンス  
● S&P500グロース(IVW): 115.73 [+0.58 (+0.50%) | 前日比出来高比:1.55] (04/07 確定)  
グロース対バリュー比（日次）は+0.82%ptでグロース優勢を示し、リスクオンを意味する。  
● Russell2000小型(RUT): 2544.95 [+4.31 (+0.17%)] (04/07 確定)  
大型対小型比（日次、S&P500対RUT）は-0.09%ptで小型優勢を示し、質への逃避は見られずリスク選好が強いため、日次変化に基づく分析から指数の需給構造ではグロースと小型株の強さがS&P500の微増を支えているが、出来高増加が伴わない場合のディストリビューションリスクを考慮し、市場の立体的な需給はリスクオン寄りながら内部脆弱性が高い。

7. コモディティ（原油、金）  
● WTI原油: 91.67 [-20.74 (-18.45%)] (04/07 確定)  
原油が18.45%下落し、これは需要減退懸念によるものでパキスタンのイラン攻撃停止要請が影響した点から地政学リスクの緩和とは異なる。金対原油比では金が+3.98%と原油を上回る上昇を示し、インフレヘッジ需要がリスク回避を上回るため、金価格が4850ドルを超えるとインフレ圧力が強まる。

8. クレジット・金融コンディション  
● HYG対LQD比: 0.7309 [-0.000621] (04/07 確定)  
株（S&P500の方向）は+0.08%でリスクオン。  
債券（米10年債利回りの方向）は+0.18%でリスクオン。  
クレジット（HYG対LQD比の方向）は-0.000621でスプレッド拡大を示しリスクオフ。  
これらを総合すると、株と債券のリスクオンに対しクレジットのリスクオフが矛盾を生み、週次ではHYGの出来高比1.27が有意に増加しているため、クレジット市場の脆弱性が全体のリスクオフシグナルを強める。

9. 短期警戒ポイント  
米イラン停戦交渉の期限（4/12予想値: 合意でリスク緩和、前回値: 延長なし、市場への影響シナリオ: 合意なら原油安で株高、失敗ならVIX急騰）。FRBのウィリアムズ総裁発言（4/10予想値: インフレ率2.75%、前回値: 2.5%、市場への影響シナリオ: 戦争影響でスタグフレーション警戒が高まり債券利回り上昇）。市場フェーズの曇りを踏まえ、米消費者物価指数（4/11予想値: 3.5%、前回値: 3.2%、市場への影響シナリオ: 上振れでドル高・株安）が最も注視すべき指標で、VIXの25.78上昇がインフレ加速の根拠。

10. 総評・相関分析  
● S&P500対VIX乖離: 6616.85と25.78の組み合わせ (04/07 確定)  
需給面から、S&P500の微増とVIXの上昇が示すようにグロース優勢と小型株の強さが一時的なリスクオンを支えるが、HYG対LQD比のスプレッド拡大と原油の下落が需要減退を警告し、市場の相関では金価格の4850ドル超えがインフレヘッジのシグナルとして具体的に需給転換点となるため、VIXが28ポイント到達で嵐への移行閾値を示す。  
市場は波立つ海原かな株高も油の影に影。"
2026-04-09T08:36:35+09:00,曇り,21.04,-4.74,-18.39,53429.56,15.88,0.03,158.65,-0.07,-0.04,4.29,-0.05,-1.2,6782.81,165.96,2.51,96.82,-16.13,-14.28,4734.2,77.1,1.66,80.19,0.47,0.59,109.49,0.42,0.39,22798.05,2.46,0.0,119.14,2.95,216.26,1.98,2620.46,2.97,0.97,-0.46,0.7324,0.001489,64.4,NEUTRAL,"1. 判定：曇り。これはVIX指数が低下し、前日比出来高比がS&P500で0.77と増大していないため、市場の不安定さが残るが急激な悪化を示さない根拠による。  
● VIX指数: 21.04 [-4.74 (-18.39%)] (04/08 確定)  

2. 米10年債利回りは低下傾向にあり、リスク選好の兆しを示しているが、長期的なインフレ圧力に注意。  
● 米10年債: 4.29 [-0.05 (-1.20%)] (04/08 確定)  

3. VIXは低下し、市場の恐怖心理が和らいでいるが、21を超える水準は依然としてボラティリティの潜在リスクを残す。  
● VIX指数: 21.04 [-4.74 (-18.39%)] (04/08 確定)  

4. ドル円は小幅下落し、リスクオン環境でのドル弱含みを反映しているが、158円台での推移は円安圧力が続く可能性を示唆。  
● ドル円: 158.65 [-0.07 (-0.04%)] (04/09 確定)  

5. 日経平均は小幅上昇し、S&P500は大幅上昇だが、NYSE騰落統計は指数と連動しつつ内部の脆弱性は見られない。S&P500の出来高比0.77と価格上昇によりディストリビューションの疑いはなく、安値圏からの反発4日目以降で大幅上昇が確認されたためフォロースルーデイとして買い転換シグナルが発生。  
● 日経平均: 53429.56 [+15.88 (+0.03%) | 前日比出来高比:1.16] (04/07 確定)  
● S&P500: 6782.81 [+165.96 (+2.51%) | 前日比出来高比:0.77] (04/08 確定)  
● NYSE Composite(^NYA): 22798.05 [+2.46%] | 前日比出来高比:0.00 (04/08 確定)  

6. グロース対バリュー比（日次）は+0.97%ptでグロース優勢を示し、リスクオン環境を反映する。大型対小型比（日次）は-0.46%ptで小型優勢であり、質への逃避は確認されない。これを踏まえ、指数のS&P500上昇と連動して市場の需給構造はリスク選好型にシフトし、小型株の強さが全体的なボトムアップを促進する。  
● S&P500グロース(IVW): 119.14 [+3.41 (+2.95%) | 前日比出来高比:0.95] (04/08 確定)  
● S&P500バリュー(IVE): 216.26 [+4.20 (+1.98%) | 前日比出来高比:1.32] (04/08 確定)  
● Russell2000小型(RUT): 2620.46 [+75.51 (+2.97%)] (04/08 確定)  

7. 原油は大幅下落し、金は上昇しており、金対原油比の方向は金優勢でインフレヘッジ需要が強まる一方、リスク回避は弱い。原油下落は地政学リスクの緩和（米イラン停戦合意）によるものと判断されるが、需要減退懸念も一部に存在。  
● WTI原油: 96.82 [-16.13 (-14.28%) | 前日比出来高比:0.02] (04/08 確定)  
● 金（GOLD）: 4734.20 [+77.10 (+1.66%) | 前日比出来高比:29.27] (04/08 確定)  

8. 株（S&P500の方向）は上昇し、リスクオン。債券（米10年債利回りの方向）は低下し、リスクオン。クレジット（HYG対LQD比の方向）は上昇し、リスクオン。総合判定として、全体的にリスクオンが優勢で、週次ではHYGの出来高比1.18が有意に増加しクレジット市場の活発化を示す。  
● HYG（ハイイールド債ETF）: 80.19 [+0.47 (+0.59%) | 前日比出来高比:1.18] (04/08 確定)  
● LQD（投資適格債ETF）: 109.49 [+0.42 (+0.39%) | 前日比出来高比:1.53] (04/08 確定)  
● HYG対LQD比（クレジット代理）: 0.7324 [+0.001489] (04/08 確定)  

9. 米消費者物価指数（CPI）発表（予想値:2.7%、前回値:3.5%、市場への影響シナリオ:低下で利下げ期待高まり株高、予想外上昇でVIX急騰）。米小売売上高（予想値:0.4%、前回値:0.6%、市場への影響シナリオ:弱い数値で景気減速懸念から債券買い）。市場フェーズの曇りからVIX指数の21超えを根拠に、ボラティリティ再燃の兆しとして米10年債利回りの4.30%超えを注視。  

10. 需給面ではS&P500の出来高比0.77とVIX低下がリスクオンシグナルを示すが、原油下落の地政学緩和が一時的と仮定すれば金価格の4735超えがインフレ再燃の閾値として市場転換を促す。市場の立体的な需給構造は小型株優勢とクレジット拡大により、S&P500が2620(Russell2000)超えで本格的な買い加速が発生。"
2026-04-10T08:36:56+09:00,曇り,19.49,-1.55,-7.37,56308.42,2878.86,5.39,159.06,0.42,0.26,4.29,0.0,0.05,6824.66,41.85,0.62,98.3,3.89,4.12,4780.8,31.3,0.66,80.28,0.09,0.11,109.49,0.0,0.0,22830.71,0.14,0.0,120.1,0.81,217.08,0.38,2636.31,0.6,0.43,0.01,0.7332,0.000822,64.9,NEUTRAL,"1. 市場フェーズ判定  
● VIX指数: 19.49 [-1.55 (-7.37%)] (04/09 確定)  
判定：曇り。その根拠として、VIXが前日比で-7.37%と低下し市場心理の安定を示す一方、前日比出来高比が日経平均で1.57と増加しているが、全体的に株価上昇が確認されたため嵐の予兆は見られず、価格下落と出来高増加の組み合わせがないことから曇りのフェーズと判断する。  

2. 金利・債券（米10年債）  
● 米10年債: 4.29 [+0.00 (+0.05%)] (04/09 確定)  
米10年債利回りが横ばいを示し、インフレデータへの警戒からボラティリティが抑制されているが、潜在的な地政学リスク（イランと米国の停戦協議）により上振れの可能性があり、4.30%超えで利回り上昇のシグナルが発動する。  

3. 恐怖指数・心理（VIX）  
● VIX指数: 19.49 [-1.55 (-7.37%)] (04/09 確定)  
VIXが-7.37%と低下し、市場の安心感を反映しているが、20ポイント超えで心理悪化の閾値に達する可能性があり、リスクオフの再燃を示唆する。  

4. 通貨の勢い（ドル円）  
● ドル円: 159.06 [+0.42 (+0.26%)] (04/10 確定)  
ドル円が+0.26%と上昇し、米ドル強含みの兆候を示すが、米イラン停戦の影響で158円台割れで円高加速のシグナルが発生する。  

5. 指数・需給（日経平均、S&P500、NYSE騰落統計）  
● 日経平均: 56308.42 [+2878.86 (+5.39%) | 前日比出来高比:1.57] (04/08 確定)  
日経平均が+5.39%と大幅上昇し、前日比出来高比1.57で出来高増加を伴うため、ディストリビューションの疑いはなく、安値圏からの反発4日目以降に該当しフォロースルーデイ（買い転換シグナル）と認定する。一方、S&P500が+0.62%と上昇し前日比出来高比0.50で出来高減少のため安定推移を示すが、NYSE騰落統計でNYA対S&P500乖離が-0.47%ptと指数と逆行しており、市場内部の脆弱性を指摘し、騰落率の乖離拡大で下落シグナルが点灯する。  

6. スタイル・規模間相対パフォーマンス  
● S&P500グロース(IVW): 120.10 [+0.96 (+0.81%) | 前日比出来高比:0.76] (04/09 確定)  
グロース対バリュー比（日次）は+0.43%ptでグロース優勢を示し、リスクオンを意味するが、日次変化に基づく分析であるため短期的な成長株偏重が継続する。一方、大型対小型比（日次、S&P500対RUT）は+0.01%ptで大型優勢を示し、質への逃避が確認され、指数コメントと接続するとS&P500の上昇が大型株主導のため、市場の立体的な需給構造としてリスクオンの中で質的選別が進み、大型株比率が70%以上で安定化のシグナルが発動する。  

7. コモディティ（原油、金）  
● WTI原油: 98.30 [+3.89 (+4.12%) | 前日比出来高比:0.01] (04/09 確定)  
原油が+4.12%と上昇し、地政学リスクの緩和ではなくイラン関連のホルムズ海峡通過制限による供給懸念が主因であるため需要減退懸念ではない。一方、金が+0.66%と上昇し、金対原油比で金が原油を上回る形でインフレヘッジ需要が強まるが、リスク回避は弱く、100ドル超の原油高で金価格が5000ドル超のシグナルを達成する。  

8. クレジット・金融コンディション  
● HYG（ハイイールド債ETF）: 80.28 [+0.09 (+0.11%) | 前日比出来高比:0.77] (04/09 確定)  
株（S&P500の方向）は上昇のためリスクオン。  
債券（米10年債利回りの方向）は横ばいのためリスクオン。  
クレジット（HYG対LQD比の方向）は+0.000822でHY優勢のためリスクオン。  
総合判定として、週次レベルの変化でHYG対LQD比の継続的上昇が観測され、リスクオン環境が強固だが、比が0.70未満でクレジット収縮のシグナルが発生する。  

9. 短期警戒ポイント  
US PCE inflation data（予想値: 2.5%、前回値: 2.4%、市場への影響シナリオ: 予想上振れで利回り急騰と株安の連鎖）。FOMC minutes（予想値: ハト派的、前回値: 中立、市場への影響シナリオ: タカ派的シフトでドル高加速）。米10年債入札（予想値: 強気、前回値: 弱気、市場への影響シナリオ: 落札率低下で金利上昇の波及）。市場フェーズが曇りであるため、VIXの20ポイント超えを根拠に米雇用統計（予想値: 非農業部門雇用者増+20万、前回値: +27.5万、市場への影響シナリオ: 予想下振れでリスクオフ転換）を注視すべき。  

10. 総評・相関分析  
● S&P500: 6824.66 [+41.85 (+0.62%) | 前日比出来高比:0.50] (04/09 確定)  
需給面から、VIX低下とグロース対バリュー比のリスクオンがS&P500の上昇を支えるが、大型対小型比の質逃避と原油の上昇がインフレ圧力を示唆し、相関分析ではHYG対LQD比の強さが信用拡大を意味する一方、NYSE乖離の脆弱性が潜在リスクであるため、VIXが18以下でリスクオン加速の具体的なシグナルが発動する。市場は原油価格の100ドル超でインフレヘッジの連鎖反応を起こす。春風に舞う株価の影。"
2026-04-11T08:33:45+09:00,曇り,19.23,-0.26,-1.33,55895.32,-413.1,-0.73,159.24,0.6,0.38,4.32,0.02,0.56,6816.89,-7.77,-0.11,95.63,-2.24,-2.29,4771.0,-21.2,-0.44,79.96,-0.32,-0.4,109.2,-0.29,-0.26,22734.5,-0.42,0.0,120.69,0.49,215.42,-0.76,2630.59,-0.22,1.26,0.1,0.7322,-0.000983,58.2,NEUTRAL,"1. 市場フェーズ判定  
● VIX指数: 19.23 [-0.26 (-1.33%) | 前日比出来高比:0.00] (04/10 確定)  
判定：曇り。その根拠として、VIXが前日比で低下し市場の不安心理が和らいでいる一方、日経平均の価格下落と前日比出来高比0.83の減少が観測され、全体的に不安定な需給を示している。価格下落と出来高の増加が見られないため嵐の予兆はなく、VIXの低下が安定要因として機能しているが、潜在的な警戒を反映して曇りと判定する。

2. 金利・債券（米10年債）  
● 米10年債: 4.32 [+0.02 (+0.56%)] (04/10 確定)  
米10年債利回りが上昇し0.56%増加したことで、投資家がリスクテイクを試みる兆候を示すが、依然として4.32%の高水準がインフレ懸念を支え、短期的な金利上昇が株式市場の重石となる可能性が高い。

3. 恐怖指数・心理（VIX）  
● VIX指数: 19.23 [-0.26 (-1.33%)] (04/10 確定)  
VIXが1.33%低下して19.23に落ち着いたことで、市場の恐怖心理が緩和され、リスク回避姿勢が弱まっているが、20ポイント前後の水準が続くため、潜在的なボラティリティ再燃のリスクを考慮する必要がある。

4. 通貨の勢い（ドル円）  
● ドル円: 159.24 [+0.60 (+0.38%)] (04/10 確定)  
ドル円が0.38%上昇して159.24に達したことで、米ドル強勢が継続し、米利回り上昇と関連して輸出関連株の圧力を高めているが、円安の進行が日本株の需給を支える要因として機能する。

5. 指数・需給（日経平均、S&P500、NYSE騰落統計）  
● 日経平均: 55895.32 [-413.10 (-0.73%) | 前日比出来高比:0.83] (04/09 確定)  
● S&P500: 6816.89 [-7.77 (-0.11%) | 前日比出来高比:0.57] (04/10 確定)  
● NYSE Composite: 22734.50 [-0.42%] | 前日比出来高比:0.00 (04/10 確定)  
日経平均が0.73%下落し前日比出来高比0.83を示す一方で、S&P500が0.11%下落と出来高比0.57でディストリビューションの疑いが見られ、大口売りの可能性を指摘する。NYSE騰落統計がS&P500と逆行し-0.42%で乖離を生じさせるため、市場内部の脆弱性を示唆するが、安値圏からの反発局面ではないためフォロースルーデイは確認されない。

6. スタイル・規模間相対パフォーマンス  
● S&P500グロース(IVW): 120.69 [+0.59 (+0.49%) | 前日比出来高比:0.82] (04/10 確定)  
● S&P500バリュー(IVE): 215.42 [-1.66 (-0.76%) | 前日比出来高比:0.73] (04/10 確定)  
● Russell2000小型(RUT): 2630.59 [-5.72 (-0.22%)] (04/10 確定)  
グロース対バリュー比（日次）は+1.26%ptでグロース優勢を示し、リスクオン環境を反映するが、日次変化に基づく分析である。大型対小型比（日次、S&P500対RUT）は+0.10%ptで大型優勢を表し、質への逃避が確認される。これを踏まえ、指数コメントではS&P500の弱含みが大型株の強さを示すが、グロース優勢が需給のリスクテイク指向を強調し、市場の立体的な需給構造として、グロースセクターへの資金流入が短期的なボラティリティを増大させる要因となる。

7. コモディティ（原油、金）  
● WTI原油: 95.63 [-2.24 (-2.29%) | 前日比出来高比:0.47] (04/10 確定)  
● 金（GOLD）: 4771.00 [-21.20 (-0.44%) | 前日比出来高比:290.73] (04/10 確定)  
WTI原油が2.29%下落し前日比出来高比0.47を示すため、需要減退懸念が主因と判断され、地政学リスクの緩和ではない。金対原油比が低下し、金の0.44%下落が目立つため、インフレヘッジ需要が弱く、リスク回避の強弱として原油の需要減退がインフレ圧力を和らげ、金価格の調整を促す。

8. クレジット・金融コンディション  
● HYG（ハイイールド債ETF）: 79.96 [-0.32 (-0.40%) | 前日比出来高比:0.72] (04/10 確定)  
● LQD（投資適格債ETF）: 109.20 [-0.29 (-0.26%) | 前日比出来高比:0.58] (04/10 確定)  
● HYG対LQD比: 0.7322 [-0.000983] (04/10 確定)  
株（S&P500の方向）は-0.11%でリスクオフ。債券（米10年債利回りの方向）は+0.56%でリスクオン。クレジット（HYG対LQD比の方向）は-0.000983でリスクオフ。総合判定として、株とクレジットのリスクオフが債券のリスクオンを上回り、週次レベルのスプレッド拡大が市場の慎重姿勢を強める。

9. 短期警戒ポイント  
イラン代表団の米国との和平協議（金曜日にイスラマバード到着、予想値: 停戦合意の可能性、前回値: 協議延期、市場への影響シナリオ: 停戦でリスクオン加速、失敗でボラティリティ上昇）。米CPI報告（14日、予想値: 3.5%前後、前回値: 3.2%、市場への影響シナリオ: 高CPIでFed利上げ懸念再燃）。OpenAI CEOサム・アルトマン氏の火炎瓶攻撃事件（即時影響なし、市場への影響シナリオ: AIセクター不安定化、現在の曇りフェーズで注視すべきはVIXの20ポイント超え、根拠としてVIX低下が一時的と判断）。ブラジルのインフレ報告（12日、予想値: 4.0%超、前回値: 3.9%、市場への影響シナリオ: 原油需要減退で連動リスク）。

10. 総評・相関分析  
● S&P500: 6816.89 [-7.77 (-0.11%) | 前日比出来高比:0.57] (04/10 確定)  
需給面から、VIXの低下とグロース対バリュー比の+1.26%ptがリスクオンシグナルを示すが、HYG対LQD比の-0.000983でクレジットスプレッド拡大が逆風となり、市場の立体的な需給構造としてS&P500の出来高比0.57が大口売りの閾値を超える兆しを警告する。原油の下落が需要減退を示すため、インフレヘッジの弱体化が金価格の4771.00を下押し、全体としてVIXが18ポイント以下に低下した場合に買いシグナルが発生する。市場は米10年債4.32%の水準で需給均衡を保つが、ドル円159.24の突破でリスクオフ加速の閾値に達する。株価波乱の市川。"
2026-04-12T08:32:22+09:00,曇り,19.23,-0.26,-1.33,56924.11,1028.79,1.84,159.24,0.6,0.38,4.32,0.02,0.56,6816.89,-7.77,-0.11,96.57,-1.3,-1.33,4761.9,-30.3,-0.63,79.96,-0.32,-0.4,109.2,-0.29,-0.26,22734.5,-0.42,0.89,120.69,0.49,215.42,-0.76,2630.59,-0.22,1.26,0.1,0.7322,-0.000983,58.2,NEUTRAL,"1. 市場フェーズ判定  
● VIX指数: 19.23 [-0.26 (-1.33%) | 前日比出来高比:1.00] (04/10 確定)  
判定：曇り。根拠としてVIXが前日比で-1.33%と低下し市場心理の安定を示すが、S&P500が-0.11%の下落を伴って前日比出来高比0.89と減少しているため、全体的に警戒感が残る不安定な状態と判断する。  

2. 金利・債券（米10年債）  
● 米10年債: 4.32 [+0.02 (+0.56%)] (04/10 確定)  
米10年債利回りが+0.56%と上昇し、インフレ期待や景気回復懸念を反映して金利水準が4.32%に達したため、リスクオフ圧力が強まる可能性がある。  

3. 恐怖指数・心理（VIX）  
● VIX指数: 19.23 [-0.26 (-1.33%) | 前日比出来高比:1.00] (04/10 確定)  
VIXが-1.33%と低下し19.23に落ち着いているため、投資家心理が短期的に安定しているが、潜在的なボラティリティの再燃を示唆する水準にある。  

4. 通貨の勢い（ドル円）  
● ドル円: 159.24 [+0.60 (+0.38%)] (04/10 確定)  
ドル円が+0.38%と上昇し159.24に達したため、米ドル強含みのトレンドが続き、米金利上昇やリスク回避の動きを後押しする可能性が高い。  

5. 指数・需給（日経平均、S&P500、NYSE騰落統計）  
● 日経平均: 56924.11 [+1028.79 (+1.84%) | 前日比出来高比:1.07] (04/10 確定)  
日経平均が+1.84%と上昇し前日比出来高比1.07を示すが、S&P500が-0.11%と下落し前日比出来高比0.89のためディストリビューションの疑いはない。一方、NYSE騰落統計でNYSE Compositeが-0.42%とS&P500の動きに概ね連動しており、内部の脆弱性は指摘されない。  

6. スタイル・規模間相対パフォーマンス  
● S&P500グロース(IVW): 120.69 [+0.59 (+0.49%) | 前日比出来高比:0.82] (04/10 確定)  
グロース対バリュー比（日次）は+1.26%ptでグロース優勢を示し、リスクオン環境を反映する。  
● Russell2000小型(RUT): 2630.59 [-5.72 (-0.22%) | 前日比出来高比:0.89] (04/10 確定)  
大型対小型比（日次、S&P500対RUT）は+0.10%ptで大型優勢であり、質への逃避が確認される。これを踏まえ、指数コメントではS&P500の下落とグロース優勢が矛盾する需給構造を示し、日次変化に基づく分析から市場がリスクオンを維持しつつ大型株へのシフトを優先する可能性が高い。  

7. コモディティ（原油、金）  
● WTI原油: 96.57 [-1.30 (-1.33%) | 前日比出来高比:1.00] (04/10 確定)  
原油が-1.33%と下落し96.57に達したため、需要減退懸念が主因と判断され、ホルムズ海峡関連の米イラン協議進展による地政学リスク緩和ではない。一方、金が-0.63%と下落し4761.90を示す中、金対原油比の低下からインフレヘッジ需要が弱く、リスク回避の強弱は原油の需要減退が優勢である。  

8. クレジット・金融コンディション  
● HYG（ハイイールド債ETF）: 79.96 [-0.32 (-0.40%) | 前日比出来高比:0.73] (04/10 確定)  
株（S&P500の方向）は-0.11%でリスクオフ。  
債券（米10年債利回りの方向）は+0.56%でリスクオン。  
クレジット（HYG対LQD比の方向）は-0.000983でスプレッド拡大を示しリスクオフ。  
総合判定として、株とクレジットのリスクオフが債券のリスクオンを上回り、全体的にリスクオフが優勢で、週次レベルのHYG対LQD比の拡大が信用リスクの悪化を意味する。  

9. 短期警戒ポイント  
米イラン協議の2日目進展（予想値：合意なし、前回値：拒否、市場への影響シナリオ：ホルムズ海峡封鎖リスク再燃で原油価格急騰）。ホルムズ海峡封鎖警告（予想値：EU危機3週間以内、前回値：警告発出、市場への影響シナリオ：エネルギーショックでS&P500急落）。現在の曇りフェーズではVIXの19.23超えを根拠に米10年債利回りの4.35%突破を注視すべきで、金利急上昇が市場心理悪化のトリガーとなる。  

10. 総評・相関分析  
● S&P500: 6816.89 [-7.77 (-0.11%) | 前日比出来高比:0.89] (04/10 確定)  
需給面から、グロース対バリュー比の+1.26%ptと大型対小型比の+0.10%ptが示すリスクオン偏重がS&P500の下落と矛盾し、HYG対LQD比の拡大が信用スプレッドの20bps超えを示唆するため、市場の立体的な需給構造は原油下落による需要減退がVIXの19.23以下での安定を崩すシグナルとして機能し、S&P500が6800未満に下落すれば本格的なディストリビューション発生を予想する。市場は秋風吹く株価乱れ。"
2026-04-13T08:32:50+09:00,曇り,19.23,-0.26,-1.33,56924.11,1028.79,1.84,159.77,0.66,0.42,4.32,0.02,0.56,6816.89,-7.77,-0.11,105.23,8.66,8.97,4667.4,-94.5,-1.98,79.96,-0.32,-0.4,109.2,-0.29,-0.26,22734.5,-0.42,0.89,120.69,0.49,215.42,-0.76,2630.59,-0.22,1.26,0.1,0.7322,-0.000983,58.2,NEUTRAL,"1. 市場フェーズ判定  
● VIX指数: 19.23 [-0.26 (-1.33%)] 前日比出来高比:0.58 確定日:04/10  
判定：曇り。その根拠として、VIXが19.23で前日比-1.33%と低下し、恐怖心理の緩和を示すが、前日比出来高比が0.58と減少しているため市場のボラティリティは低いものの、S&P500の価格下落（-0.11%）と出来高比0.89の減少が嵐の予兆を示唆せず、全体として中東情勢の不透明感（米イラン協議合意に至らず）により警戒感が残る曇りのフェーズと判断する。

2. 金利・債券（米10年債）  
● 米10年債: 4.32 [+0.02 (+0.56%)] 前日比出来高比:0.73 確定日:04/10  
米10年債利回りが4.32%で前日比+0.56%と上昇し、Bloombergの報道でHigher-for-Longerのインフレ懸念が強まっていることを反映しており、リスクオフのシグナルとして利回り水準4.35%超えで更なる売り圧力が予想される。

3. 恐怖指数・心理（VIX）  
● VIX指数: 19.23 [-0.26 (-1.33%)] 前日比出来高比:0.58 確定日:04/10  
VIXが19.23で前日比-1.33%と低下し、市場心理が比較的安定しているが、20超えの閾値に接近しているため、中東情勢の不透明感（米イラン協議決裂）で潜在的な不安が残り、心理指標として22を超えるとボラティリティ急増のリスクが生じる。

4. 通貨の勢い（ドル円）  
● ドル円: 159.77 [+0.66 (+0.42%)] 前日比出来高比:0.89 確定日:04/13  
ドル円が159.77で前日比+0.42%と上昇し、Reutersの報道で米イラン協議決裂による安全資産需要がドル買いを促進しており、160円超えで円安加速の可能性が高く、為替の勢いがリスクオフを示唆する。

5. 指数・需給（日経平均、S&P500、NYSE騰落統計）  
● 日経平均: 56924.11 [+1028.79 (+1.84%) | 前日比出来高比:1.07] 確定日:04/10  
日経平均が56924.11で前日比+1.84%と上昇し、出来高比1.07で増加しているが、安値圏からの反発4日目以降ではないためフォロースルーデイとは判断せず、S&P500が6816.89で-0.11%と下落し出来高比0.89でディストリビューションの疑いがある。NYSE騰落統計ではNYSE Compositeが22734.50で-0.42%とS&P500と連動し、NYA対S&P500乖離が-0.31%ptで逆行していないため、市場内部の脆弱性は指摘されない。  

6. スタイル・規模間相対パフォーマンス  
● S&P500グロース(IVW): 120.69 [+0.59 (+0.49%) | 前日比出来高比:0.82] 確定日:04/10  
グロース対バリュー比（日次）は+1.26%ptでグロース優勢を示し、リスクオンを意味するが、日次変化に基づく分析であるため一時的。  
● Russell2000小型(RUT): 2630.59 [-5.72 (-0.22%) | 前日比出来高比:0.89] 確定日:04/10  
大型対小型比（日次、S&P500対RUT）は+0.10%ptで大型優勢を示し、質への逃避が確認され、日次変化に基づく分析であるため指数コメントと接続すると、S&P500の下落と大型優勢が需給構造のリスクオフ指向を強調し、グロース優勢のNASDAQ上昇（+0.35%）が相殺する形で市場の立体的な需給は大型株へのシフトを示唆する。

7. コモディティ（原油、金）  
● WTI原油: 105.23 [+8.66 (+8.97%) | 前日比出来高比:0.05] 確定日:04/12  
WTI原油が105.23で+8.97%と上昇し、これは地政学リスクの緩和ではなく中東供給リスク（米イラン協議決裂による緊張）によるもので、需要減退懸念ではない。金対原油比は4667.40対105.23で金安原油高を示し、インフレヘッジ需要が弱くリスク回避が強いため、金の下落（-1.98%）がインフレ懸念の後退を意味する。

8. クレジット・金融コンディション  
● HYG（ハイイールド債ETF）: 79.96 [-0.32 (-0.40%) | 前日比出来高比:0.73] 確定日:04/10  
株（S&P500の方向）は-0.11%でリスクオフ。  
債券（米10年債利回りの方向）は+0.56%でリスクオン。  
クレジット（HYG対LQD比の方向）は-0.000983でスプレッド拡大を示し、リスクオフ。  
総合判定として、株とクレジットのリスクオフが債券のリスクオンを上回り、週次レベルのHYG対LQD比の拡大が有意なため、全体としてリスクオフのシグナルが強まる。

9. 短期警戒ポイント  
日本銀行の金融政策発言（4/15予定、予想値: 政策金利据え置き、前回値: 0.1%、市場への影響シナリオ: 発言内容がハト派的なら円安加速で株高、強気ならリスクオフ）。米消費者物価指数（CPI、4/16予定、予想値: +3.4%、前回値: +3.5%、市場への影響シナリオ: 上振れで米10年債利回り上昇による株安、下振れでリスクオン）。市場フェーズの曇りを照らすと、S&P500の出来高比0.89がディストリビューションを示唆するため、VIXの20超えを根拠にボラティリティ指標として注視すべき。

10. 総評・相関分析  
● S&P500: 6816.89 [-7.77 (-0.11%) | 前日比出来高比:0.89] 確定日:04/10  
需給面から、グロース対バリュー比の+1.26%ptと大型対小型比の+0.10%ptが示すように、S&P500の下落とHYG対LQD比の拡大が相関してリスクオフの需給構造を形成し、ドル円の160円超えで原油上昇（+8.97%）が連動するため、VIXが20を超える閾値でボラティリティ急増のシグナルが発生する。市場の秋の気配市場はリスクオフのシグナルとしてVIX19.50超えで警戒を強める。山深き秋風吹く。"
2026-04-14T08:41:24+09:00,曇り,19.12,-0.11,-0.57,56924.11,1028.79,1.84,159.24,-0.44,-0.28,4.3,-0.02,-0.46,6886.24,69.35,1.02,96.93,0.36,0.37,4780.1,18.2,0.38,80.26,0.3,0.38,109.62,0.42,0.38,22940.98,0.91,0.0,122.17,1.23,217.11,0.78,2670.49,1.52,0.44,-0.5,0.7322,-6.9e-05,61.9,NEUTRAL,"1. 市場フェーズ判定  
● VIX指数: 19.12 [-0.11 (-0.57%)] 前日比出来高比:0.00 確定日:04/13  
判定：曇り。VIX指数が19.12と低下したものの、依然として20を下回らない水準にあるため市場の不安定さが残り、前日比出来高比が全体的に低調（例: S&P500の0.66）でボラティリティの潜在リスクを示唆するが、価格上昇が目立つため嵐の予兆はない。

2. 金利・債券（米10年債）  
● 米10年債: 4.30 [-0.02 (-0.46%)] 前日比出来高比:0.00 確定日:04/13  
米10年債利回りが4.30と低下し、リスクオンを示唆するが、ECBの利上げ予想を背景に潜在的な上昇圧力がかかるため、短期的に4.25を下回れば利回り低下トレンドの加速が予想される。

3. 恐怖指数・心理（VIX）  
● VIX指数: 19.12 [-0.11 (-0.57%)] 前日比出来高比:0.00 確定日:04/13  
VIX指数が19.12と低下し市場心理の安定化を反映するが、20前後の水準が続くため、米イラン協議停滞の影響で急上昇のリスクが残り、18以下に低下すれば心理の改善シグナルとなる。

4. 通貨の勢い（ドル円）  
● ドル円: 159.24 [-0.44 (-0.28%)] 前日比出来高比:0.00 確定日:04/14  
ドル円が159.24と下落し、中東（イラン協議）の地政学リスクによる円高圧力が強まる兆候を示すが、158以下に下抜けすればドル安加速の可能性が高まる。

5. 指数・需給（日経平均、S&P500、NYSE騰落統計）  
● S&P500: 6886.24 [+69.35 (+1.02%)] 前日比出来高比:0.66 確定日:04/13  
日経平均が56924.11と上昇し前日比出来高比1.07で反発4日目以降の局面を示すが、S&P500の出来高比0.66と価格上昇が伴うためディストリビューションの疑いはなく、フォロースルーデイ（買い転換シグナル）として確認される。NYSE騰落統計でNYA対S&P500乖離が-0.11%ptと指数と逆行するため、市場内部の脆弱性を指摘し、短期的に騰落比率の乖離が0.20%ptを超えれば弱気転換の兆候となる。

6. スタイル・規模間相対パフォーマンス（グロース対バリュー比、大型対小型比）  
● S&P500グロース(IVW): 122.17 [+1.48 (+1.23%)] 前日比出来高比:0.95 確定日:04/13  
グロース対バリュー比（日次）は+0.44%ptでグロース優勢を示し、リスクオンを反映する。大型対小型比（日次、S&P500対RUT）は-0.50%ptで小型優勢であり、質への逃避は確認されないため、日次変化に基づく分析から市場の立体的な需給構造はリスク選好が強まり、S&P500の上昇と連動して小型株のボラティリティ増加が指数の安定を支える一方で、グロース優勢が継続すれば需給の歪みが拡大する。

7. コモディティ（原油、金）  
● WTI原油: 96.93 [+0.36 (+0.37%)] 前日比出来高比:0.01 確定日:04/13  
金対原油比が上昇し、金の4780.10と原油の96.93からインフレヘッジ需要が強まる一方、リスク回避は原油の上昇が中東（イラン協議停滞）による地政学リスクの影響と判断され、需要減退懸念ではないため、原油が95以下に下落すれば地政学リスクの緩和シグナルとなる。

8. クレジット・金融コンディション（HYG、LQD、HYG対LQD比）  
● HYG（ハイイールド債ETF）: 80.26 [+0.30 (+0.38%)] 前日比出来高比:1.17 確定日:04/13  
株（S&P500の方向）は上昇しリスクオン。  
債券（米10年債利回りの方向）は低下しリスクオン。  
クレジット（HYG対LQD比の方向）は0.7322と低下しリスクオフ。  
総合判定として、株と債券のリスクオンに対しクレジットのリスクオフが目立つため、週次レベルのHYG対LQD比が0.70以下に悪化すれば全体的なリスクオフシグナルが強まる。

9. 短期警戒ポイント  
米イラン協議の進展状況、予想値:停滞継続、前回値:協議中断、市場への影響シナリオ:原油価格の上昇圧力でS&P500が1%超下落。ECB利上げ予想、予想値:0.25%追加、前回値:0.00%、市場への影響シナリオ:ユーロ高でドル円が157以下に下落。市場フェーズの曇りを踏まえ、FRBのグールズビー総裁の発言、予想値:インフレ警戒トーン、前回値:消費堅調、市場への影響シナリオ:VIXが21以上に上昇すれば心理悪化。

10. 総評・相関分析（需給面からの踏み込んだ考察）  
● 日経平均: 56924.11 [+1028.79 (+1.84%)] 前日比出来高比:1.07 確定日:04/10  
需給面から、グロース対バリュー比の+0.44%ptと小型優勢がS&P500の上昇を支えるが、HYG対LQD比の低下がクレジット市場の弱さを示し、VIXの19.12が潜在リスクを暗示するため、相関分析では原油の上昇と金の上昇がインフレヘッジを強め、短期シグナルとしてS&P500の出来高比が1.0を超えれば需給の改善が確認され、6880を上回れば強気継続。市場の春風に揺れる株価枝。"
2026-04-15T08:41:23+09:00,曇り,18.36,-0.76,-3.97,56502.77,-421.34,-0.74,158.83,-0.38,-0.24,4.26,-0.04,-0.95,6967.38,81.14,1.18,91.33,-7.75,-7.82,4860.6,118.2,2.49,80.5,0.24,0.3,109.98,0.36,0.33,23016.38,0.33,0.0,124.69,2.06,217.55,0.2,2705.67,1.32,1.86,-0.14,0.732,-0.000214,68.6,GREED,"1. ● VIX指数: 18.36 [-0.76 (-3.97%)] (04/14 確定)  
判定: 曇り。根拠としてVIXが前日比で-3.97%と低下し、市場の不安心理が和らいている一方、日経平均の価格下落-0.74%と前日比出来高比0.82の減少が観測されたため、全体的に不安定だが嵐の予兆には至らず、S&P500の上昇を考慮して曇りと判定する。

2. ● 米10年債: 4.26 [-0.04 (-0.95%)] (04/14 確定)  
米10年債利回りが前日比-0.95%と低下し、長期金利の低下が債券市場の安定を示唆しており、リスクオンの兆候として投資家心理の改善を反映している。

3. ● VIX指数: 18.36 [-0.76 (-3.97%)] (04/14 確定)  
恐怖指数VIXが-3.97%と低下し、市場の不安心理が緩和されていることを示すが、18.36という水準は依然として中立圏にあり、急変リスクを警戒する必要がある。

4. ● ドル円: 158.83 [-0.38 (-0.24%)] (04/15 確定)  
ドル円が-0.24%と小幅下落し、通貨の勢いが弱まっていることを示しており、米イラン交渉再開への期待からドル売りが優勢となっている。

5. ● S&P500: 6967.38 [+81.14 (+1.18%) | 前日比出来高比:0.63] (04/14 確定)  
S&P500が+1.18%と上昇し前日比出来高比0.63と取引量が減少した一方、日経平均が-0.74%と下落し前日比出来高比0.82と出来高減少が確認されたため、ディストリビューションの疑いは薄いが、NYSE騰落統計でNYA対S&P500比が-0.85%ptと逆行しており、市場内部の脆弱性を指摘する。また、安値圏からの反発局面でS&P500が+1.18%と4日目以降の大幅上昇を示すが、出来高増加を伴わないためフォロースルーデイとは判断しない。

6. ● S&P500グロース対バリュー比（日次）: +1.86%pt (04/14 確定)  
グロース対バリュー比が+1.86%ptと日次変化に基づきグロース優勢を示し、リスクオン環境を反映する。大型対小型比（S&P500対RUT、日次）が-0.14%ptと小型優勢で質への逃避は見られず、これを踏まえ指数コメントではS&P500の上昇と小型株の強さが需給構造のリスク選好を強調し、市場全体のボラティリティが低い中でグロースセクターの主導が短期的な強気シグナルを生んでいる。

7. ● WTI原油: 91.33 [-7.75 (-7.82%) | 前日比出来高比:0.01] (04/14 確定)  
原油が-7.82%と大幅下落し前日比出来高比0.01と取引量が極めて少ないため、需要減退懸念ではなく米イラン交渉再開による地政学リスクの緩和と判断する。一方、金が+2.49%と上昇し金対原油比で金が優勢のため、インフレヘッジ需要が強まっているがリスク回避は原油下落の文脈で弱い。

8. ● HYG対LQD比: 0.7320 [-0.000214] (04/14 確定)  
株（S&P500の方向+1.18%）→リスクオン。債券（米10年債利回りの方向-0.95%）→リスクオン。クレジット（HYG対LQD比の方向-0.000214）→リスクオフ。週次レベルの変化ではHYG対LQD比の拡大が目立ち、総合判定としてリスクオンの株と債券に対しクレジットのリスクオフが矛盾を生み、市場の不均衡を示唆する。

9. 4月21日のFed nominee Warsh公聴会（予想値: 資産公開額100百万ドル超、前回値: 未公表、市場への影響シナリオ: 発言内容次第で米金利上昇リスクが高まり株価変動を誘発）。4月15日以降の米PPIデータ（予想値: 2.1%、前回値: 1.6%、市場への影響シナリオ: 予想を下回ればインフレ懸念緩和で株高、超えれば利上げ加速）。現在の市場フェーズ（曇り）で最も注視すべきは米10年債利回りの変動（根拠: 低下トレンドがリスクオンを支えるが、4.30%超えで嵐の兆し）。

10. ● S&P500とVIXの相関（日次）: +1.18%対-3.97% (04/14 確定)  
需給面からS&P500の上昇とVIX低下の相関がリスクオンを示すが、HYG対LQD比の拡大がクレジット市場の弱さを露呈し、グロース対バリュー比の+1.86%ptが短期的な強気シグナルである一方、NYSE騰落統計の逆行が潜在的な逆転ポイントを警告するため、S&P500が7000超えでフォロースルーデイの確認を待つべきだ。市場の俳句: 雲間晴れぬ株高に油価沈む影。"
2026-04-16T08:41:02+09:00,曇り,18.17,-0.19,-1.03,57877.39,1374.62,2.43,158.84,0.04,0.03,4.28,0.03,0.61,7022.95,55.57,0.8,90.84,-0.44,-0.48,4836.5,11.5,0.24,80.46,-0.04,-0.05,109.94,-0.04,-0.04,22955.57,-0.26,0.0,126.34,1.32,218.01,0.21,2713.66,0.3,1.11,0.5,0.7319,-9.8e-05,63.5,NEUTRAL,"1. 市場フェーズ判定  
● VIX指数: 18.17 [-0.19 (-1.03%)] (04/15 確定)  
判定：曇り。根拠としてVIXが前日比で低下し市場心理の安定を示すが、前日比出来高比がS&P500で0.61と低く、参加者が限定的であるため、強気相場の本格化は見込めず、嵐の予兆は確認されないが、潜在的な不安要因があるため曇りと判定する。

2. 金利・債券（米10年債）  
● 米10年債: 4.28 [+0.03 (+0.61%)] (04/15 確定)  
米10年債利回りが上昇し、リスクオンを示唆するが、インフレ期待の高まりを反映しており、将来的に株価抑制要因となる可能性があるため、利回り4.30%超えで市場のボラティリティ増大を警戒する。

3. 恐怖指数・心理（VIX）  
● VIX指数: 18.17 [-0.19 (-1.03%)] (04/15 確定)  
VIXが低下し、市場の恐怖心理が和らいでいるが、20ポイント未満の水準は一時的な落ち着きを示すのみで、潜在的な逆行リスクを残すため、VIXが15ポイント以下に低下するまで心理の安定化を待つ。

4. 通貨の勢い（ドル円）  
● ドル円: 158.84 [+0.04 (+0.03%)] (04/16 確定)  
ドル円が小幅上昇し、米ドル強さを示すが、日米財務相の緊密連携報道から為替変動の抑制が予想され、159.00円突破でリスクオン加速のシグナルとなる。

5. 指数・需給（日経平均、S&P500、NYSE騰落統計）  
● 日経平均: 57877.39 [+1374.62 (+2.43%) | 前日比出来高比:1.06] (04/14 確定)  
● S&P500: 7022.95 [+55.57 (+0.80%) | 前日比出来高比:0.61] (04/15 確定)  
● NYSE Composite: 22955.57 [-0.26%] | 前日比出来高比:0.00 (04/15 確定)  
日経平均は前日比出来高比1.06と増加を伴う大幅上昇で、安値圏からの反発4日目以降に該当するためフォロースルーデイとして買い転換シグナルを確認する一方、S&P500は出来高比0.61と価格上昇にもかかわらず低調でディストリビューションの疑いがあり、NYSE騰落統計でNYA対S&P500乖離が-1.06%ptと逆行するため市場内部の脆弱性を指摘し、騰落レシオが1.0未満で下落トレンドの再燃を予想する。

6. スタイル・規模間相対パフォーマンス  
● S&P500グロース(IVW): 126.34 [+1.65 (+1.32%) | 前日比出来高比:0.66] (04/15 確定)  
● S&P500バリュー(IVE): 218.01 [+0.46 (+0.21%) | 前日比出来高比:0.46] (04/15 確定)  
● Russell2000小型(RUT): 2713.66 [+7.99 (+0.30%)] (04/15 確定)  
グロース対バリュー比（日次）は+1.11%ptでグロース優勢を示し、リスクオンを意味するが、日次変化に基づく分析のため一時的な動きと解釈する。大型対小型比（日次、S&P500対RUT）は+0.50%ptで大型優勢を示し、質への逃避が確認され、これを踏まえて指数コメントではS&P500の上昇が大型株主導のため需給構造が偏在し、グロース優勢と大型優勢の乖離が拡大すれば市場のボラティリティ増加を招くため、グロース対バリュー比が+1.50%ptを超えるとリスクオンの本格化を示す。

7. コモディティ（原油、金）  
● WTI原油: 90.84 [-0.44 (-0.48%) | 前日比出来高比:0.01] (04/15 確定)  
● 金（GOLD）: 4836.50 [+11.50 (+0.24%) | 前日比出来高比:99.09] (04/15 確定)  
金対原油比は金の上昇と原油の下落からリスク回避が強まっているが、原油の下落は前日比出来高比0.01の低水準から需要減退懸念と判断され、インフレヘッジ需要が原油の地政学リスク緩和ではなく経済減速を反映するため、金価格が4900ドルを超えるとリスク回避の加速シグナルとなる。

8. クレジット・金融コンディション  
● HYG（ハイイールド債ETF）: 80.46 [-0.04 (-0.05%) | 前日比出来高比:1.12] (04/15 確定)  
● LQD（投資適格債ETF）: 109.94 [-0.04 (-0.04%) | 前日比出来高比:0.99] (04/15 確定)  
● HYG対LQD比: 0.7319 [-0.000098] (04/15 確定)  
株（S&P500の方向）は上昇のためリスクオン、債券（米10年債利回りの方向）は上昇のためリスクオン、クレジット（HYG対LQD比の方向）はスプレッド拡大のためリスクオフと個別に判定し、全体としてリスクオンとリスクオフの混在から総合的にリスクオフ寄りとし、週次レベルのHYG対LQD比が0.70以下に悪化すれば信用収縮のシグナルとなる。

9. 短期警戒ポイント  
米10年債利回り動向: 予想値4.30%、前回値4.28%、市場への影響シナリオは利回り上昇で株価下落の可能性。FRBムサレム氏の発言: 予想値「据え置き継続」、前回値「利上げ示唆」、市場への影響シナリオは発言内容次第でVIX急上昇。CFTCの原油先物取引調査: 予想値「規制強化」、前回値「トランプ政策転換前」、市場への影響シナリオはイラン関連ニュースで原油価格変動。市場フェーズが曇りであるため、ECB政策委員の発言を注視し、インフレ期待安定の言及でユーロ安加速のシグナル。

10. 総評・相関分析  
● HYG対LQD比: 0.7319 [-0.000098] (04/15 確定)  
需給面からVIX低下とS&P500上昇の相関がグロース対バリュー比の+1.11%pt優位を支えるが、NYSE騰落乖離の-1.06%ptが示す内部弱さから、短期的に出来高比1.1以上のディストリビューション発生で市場転換が予想され、VIXが18.00以下でS&P500が7100超えればリスクオン継続の具体的なシグナル。市場の株価上昇は金価格の4836.50でインフレヘッジを反映し、原油の90.84低下が需要減退を示すため、HYG対LQD比が0.70未満で信用リスク拡大の閾値を超えると需給構造の崩壊が起きる。春風やわらか株価揺らぐ五月雨。"
2026-04-17T08:39:12+09:00,曇り,17.94,-0.23,-1.27,58134.24,256.85,0.44,159.15,0.34,0.21,4.31,0.03,0.63,7041.28,18.33,0.26,90.03,-1.26,-1.38,4816.3,16.3,0.34,80.35,-0.11,-0.14,109.43,-0.51,-0.46,22955.59,0.0,0.0,126.58,0.19,218.61,0.28,2719.6,0.22,-0.09,0.04,0.7343,0.002406,66.2,GREED,"1. 判定：曇り。  
● VIX指数: 17.94 [-0.23 (-1.27%)] (04/16 確定)  
根拠として、VIX指数が前日比で低下し17.94を示す安定した恐怖指数を考慮すると、市場心理は比較的落ち着いているが、S&P500の前日比出来高比0.57が低調であるため、潜在的な不透明感が残る。価格下落がなく出来高増加も見られないため、嵐の予兆はなく、全体として曇りのフェーズと判断する。  

2. ● 米10年債: 4.31 [+0.03 (+0.63%)] (04/16 確定)  
米10年債利回りが4.31%と前日比で上昇し、インフレ期待や経済成長の兆しを示唆しており、金利上昇が株式市場の重石となる可能性が高い。  

3. ● VIX指数: 17.94 [-0.23 (-1.27%)] (04/16 確定)  
VIX指数の低下により、投資家心理はリスクテイクに向かいつつあるが、17.94という水準が20を下回っているため、短期的なボラティリティは低いものの、潜在的な不安要因が残存する。  

4. ● ドル円: 159.15 [+0.34 (+0.21%)] (04/17 確定)  
ドル円が159.15と小幅上昇しており、米ドル強勢が継続する中、米利回り上昇の影響で円安が進み、輸出関連株の支援要因となっているが、過熱感が警戒される159円台での推移が続く。  

5. ● 日経平均: 58134.24 [+256.85 (+0.44%) | 前日比出来高比:1.12] (04/15 確定)  
日経平均の上昇と前日比出来高比1.12の増加は活発な取引を示すが、S&P500の価格上昇と出来高比0.57の低さからディストリビューションの疑いはない。一方、NYSE騰落統計ではNYSE Compositeが22955.59 [+0.00%] (04/16 確定)と横ばいで、NYA対S&P500乖離が-0.26%ptと指数と逆行しているため、市場内部の脆弱性を指摘し、潜在的な逆行現象が警戒される。安値圏からの反発4日目以降に該当せず、フォロースルーデイのシグナルは確認されない。  

6. ● S&P500グロース(IVW): 126.58 [+0.24 (+0.19%) | 前日比出来高比:1.22] (04/16 確定)  
グロース対バリュー比（日次）は-0.09%ptでバリュー優勢を示し、ディフェンシブな投資姿勢を反映する。  
● Russell2000小型(RUT): 2719.60 [+5.94 (+0.22%)] (04/16 確定)  
大型対小型比（日次、S&P500対RUT）は+0.04%ptで大型優勢であり、質への逃避が確認される。  
日次変化に基づくこれらの分析から、指数コメントと接続して、S&P500の上昇が大型株中心でグロースの劣勢を示す需給構造は、ディフェンシブ志向が強まり、リスク回避の動きが市場全体のボラティリティを抑制する立体的な需給を形成している。  

7. ● WTI原油: 90.03 [-1.26 (-1.38%) | 前日比出来高比:0.01] (04/16 確定)  
原油の下落は需要減退懸念によるもので、地政学リスクの緩和ではない。  
● 金（GOLD）: 4816.30 [+16.30 (+0.34%) | 前日比出来高比:5.33] (04/16 確定)  
金対原油比の上昇から、インフレヘッジ需要が強まっている一方、リスク回避は原油の下落による経済不安から弱いと読み解け、金の値固めが市場の安全資産シフトを示唆する。  

8. ● HYG（ハイイールド債ETF）: 80.35 [-0.11 (-0.14%) | 前日比出来高比:0.79] (04/16 確定)  
株（S&P500の方向）は上昇しており、リスクオン。  
● 米10年債利回り: 4.31 [+0.03 (+0.63%)] (04/16 確定)  
債券（米10年債利回りの方向）は上昇しており、リスクオン。  
● HYG対LQD比: 0.7343 [+0.002406] (04/16 確定)  
クレジット（HYG対LQD比の方向）は上昇しており、リスクオン。  
これらの動きから、週次レベルのS&P500上昇と利回り高止まりを考慮し、全体としてリスクオンが優勢で、クレジット市場の安定が市場全体のポジティブなシグナルを形成する総合判定となる。  

9. 米FOMC議事録公表（予想値：ハト派的、 前回値：タカ派的、 市場への影響シナリオ：利下げ期待高まり株高誘導）；日本銀行金融政策決定会合（予想値：現状維持、 前回値：緩和継続、 市場への影響シナリオ：円安加速で輸出株支え）；米国小売売上高（予想値：+0.4%、 前回値：+0.6%、 市場への影響シナリオ：需要減退でS&P500下落）。市場フェーズが曇りであるため、米消費者物価指数を注視すべきで、VIXの17.94が20超えの閾値に近づく可能性がある根拠から、インフレ加速のシグナルとして警戒。  

10. ● S&P500: 7041.28 [+18.33 (+0.26%) | 前日比出来高比:0.57] (04/16 確定)  
需給面から、S&P500の上昇が大型株中心でグロース対バリュー比のバリュー優勢を示す中、VIXの低下とHYG対LQD比の上昇がリスクオンを支えるが、NYSE騰落乖離の脆弱性から、出来高比1.1以上の閾値を超えた場合に大口売りのシグナルが発生し、市場反転の可能性を具体的に示す。市場の立体的な需給構造は、ドル円の159.15上昇が輸出需給を強化する一方、原油需要減退が経済サイクル下振れの閾値として機能し、全体のボラティリティがVIX20到達で警戒レベルへ移行する。春の株価 曇天に揺らぎ 投資の道。"
2026-04-18T08:38:38+09:00,曇り,17.48,-0.46,-2.56,59518.34,1384.1,2.38,158.58,-0.23,-0.14,4.25,-0.06,-1.46,7126.06,84.78,1.2,84.0,-10.69,-11.29,4849.4,64.0,1.34,80.65,0.3,0.37,110.04,0.61,0.56,23197.74,1.05,0.0,128.32,1.37,220.89,1.04,2776.9,2.11,0.33,-0.9,0.7329,-0.001344,71.2,GREED,"1. 判定：曇り。● VIX指数: 17.48 [-0.46 (-2.56%)] (04/17 確定) 根拠としてVIXが前日比で-2.56%と低下し市場の不安心理が和らいでいるが、前日比出来高比がS&P500で0.70と全体的に低調で、価格上昇にもかかわらずボリューム不足が持続性を疑問視させるため、曇りのフェーズと判断する。

2. ● 米10年債: 4.25 [-0.06 (-1.46%)] (04/17 確定) 米10年債利回りが-1.46%と低下し、債券価格の上昇を示しており、リスクオンムードの兆候として投資家が安全資産から株式へシフトしている可能性が高い。

3. ● VIX指数: 17.48 [-0.46 (-2.56%)] (04/17 確定) VIXが-2.56%と低下し、市場心理が安定化しており、短期的な安心感が増しているが、20を下回る水準が続く場合にのみ持続的なリスクオンが期待できる。

4. ● ドル円: 158.58 [-0.23 (-0.14%)] (04/17 確定) ドル円が-0.14%と小幅下落し、円高傾向を示しており、リスク選好の強まりからドル売りが進んでいるが、158台を維持すれば米経済指標次第で反転の可能性がある。

5. ● 日経平均: 59518.34 [+1384.10 (+2.38%) | 前日比出来高比:0.93] (04/16 確定) ● S&P500: 7126.06 [+84.78 (+1.20%) | 前日比出来高比:0.70] (04/17 確定) ● NYSE Composite: 23197.74 [+1.05%] | 前日比出来高比:0.00 (04/17 確定) 日経平均とS&P500がそれぞれ+2.38%と+1.20%で上昇し、前日比出来高比が0.93と0.70と1.1を下回っているためディストリビューションの兆候はなく、安値圏からの反発4日目以降に大幅上昇が見られるが出来高増加がないためフォロースルーデイとは判断せず、NYSE騰落比率がS&P500と概ね連動しているため市場内部の脆弱性は指摘されない。

6. ● S&P500グロース: 128.32 [+1.74 (+1.37%) | 前日比出来高比:2.13] (04/17 確定) グロース対バリュー比（日次）: +0.33%pt → グロース優勢でリスクオンを示唆し、グロース株の強さが市場の成長期待を反映。● S&P500バリュー: 220.89 [+2.28 (+1.04%) | 前日比出来高比:0.93] (04/17 確定) ● Russell2000小型: 2776.90 [+57.30 (+2.11%)] (04/17 確定) 大型対小型比（日次、S&P500対RUT）: -0.90%pt → 小型優勢で質への逃避はなく、リスク選好が強い。日次変化に基づく分析から、グロースと小型株の優勢が指数の上昇と連動し、市場の需給構造としてリスクオンの広がりを示唆するが、出来高の低さが短期的な逆転リスクを伴う。

7. ● WTI原油: 84.00 [-10.69 (-11.29%) | 前日比出来高比:1.88] (04/17 確定) ● 金: 4849.40 [+64.00 (+1.34%) | 前日比出来高比:715.52] (04/17 確定) WTI原油が-11.29%と下落し、これはイランのホルムズ海峡開放による地政学リスクの緩和が主因で需要減退懸念ではない一方、金対原油比で金が+1.34%と上昇し原油が下落するためインフレヘッジ需要が弱く、リスク回避の強弱は原油の地政学的緩和がリスクオンを後押ししていることを示す。

8. ● HYG: 80.65 [+0.30 (+0.37%) | 前日比出来高比:1.54] (04/17 確定) 株（S&P500の方向上向き）→ リスクオン。● LQD: 110.04 [+0.61 (+0.56%) | 前日比出来高比:1.50] (04/17 確定) 債券（米10年債利回りの方向低下）→ リスクオン。● HYG対LQD比: 0.7329 [-0.001344] (04/17 確定) クレジット（HYG対LQD比の方向低下）→ リスクオフ。週次レベルの変化としてHYG対LQD比の低下が目立つため、全体として株と債券のリスクオンに対しクレジットのリスクオフが制約要因となり、市場の総合判定は中立的な均衡を示す。

9. 米国債入札: 予想値-4.25%前後、前回値-4.25%、市場への影響シナリオ-入札結果が弱い場合利回り低下で株高を加速。FRBウォラー理事の発言: 予想値-インフレリスクの上昇、前回値-中東戦争懸念、市場への影響シナリオ-発言内容次第で利下げ延期が株価を圧迫。ECBラガルド氏の発言: 予想値-インフレ警戒強化、前回値-イラン紛争影響、市場への影響シナリオ-欧州株の変動を誘発しドル円に波及。市場フェーズの曇りを考慮し、米消費者信頼感指数を注視すべきで、低下すればVIX上昇のシグナルとなる根拠として心理指標の変動が顕在化。

10. ● S&P500: 7126.06 [+84.78 (+1.20%) | 前日比出来高比:0.70] (04/17 確定) 総評として、VIX低下とグロース対バリュー比の+0.33%ptがリスクオンシグナルを示すが、HYG対LQD比の低下がクレジットスプレッド拡大の閾値を超え潜在リスクを指摘し、需給面ではS&P500の出来高比0.70以下が逆転の目安となるため、短期的に小型株優勢が続く場合に市場反転の具体的なシグナルが発生。市場の春風に乗り株価高揚。"
